OBJECTID;code;X;Y;workplaceP;;;
1;1;1;1;15279,6397;91677,8382;1;1
2;2;1;1;15279,6397;;0;1
3;3;1;1;15279,6397;;0;1
4;4;1;1;15279,6397;;0;1
5;5;1;1;15279,6397;;0;1
6;6;1;1;15279,6397;;0;1
7;7;1;1;7727,035936;54089,25155;1;2
8;8;1;1;7727,035936;;0;2
9;9;1;1;7727,035936;;0;2
10;10;1;1;7727,035936;;0;2
11;11;1;1;7727,035936;;0;2
12;12;1;1;7727,035936;;0;2
13;13;1;1;7727,035936;;0;2
14;14;1;1;7122,541414;21367,62424;1;3
15;15;1;1;7122,541414;;0;3
16;16;1;1;7122,541414;;0;3
17;17;1;1;7433,722055;37168,61028;1;4
18;18;1;1;7433,722055;;0;4
19;19;1;1;7433,722055;;0;4
20;20;1;1;7433,722055;;0;4
21;21;1;1;7433,722055;;0;4
22;22;1;1;28677,06117;114708,2447;1;5
23;23;1;1;28677,06117;;0;5
24;24;1;1;28677,06117;;0;5
25;25;1;1;28677,06117;;0;5
26;26;1;1;9948,42285;49742,11425;1;6
27;27;1;1;9948,42285;;0;6
28;28;1;1;9948,42285;;0;6
29;29;1;1;9948,42285;;0;6
30;30;1;1;9948,42285;;0;6
31;31;1;1;6403,206838;44822,44787;1;7
32;32;1;1;6403,206838;;0;7
33;33;1;1;6403,206838;;0;7
34;34;1;1;6403,206838;;0;7
35;35;1;1;6403,206838;;0;7
36;36;1;1;6403,206838;;0;7
37;37;1;1;6403,206838;;0;7
38;38;1;1;3896,49197;15585,96788;1;8
39;39;1;1;3896,49197;;0;8
40;40;1;1;3896,49197;;0;8
41;41;1;1;3896,49197;;0;8
42;42;1;1;4632,738279;18530,95312;1;9
43;43;1;1;4632,738279;;0;9
44;44;1;1;4632,738279;;0;9
45;45;1;1;4632,738279;;0;9
46;46;1;1;6502,547285;6502,547285;1;10
47;47;1;1;1234,83853;2469,67706;1;11
48;48;1;1;1234,83853;;0;11
49;49;1;1;3256,621853;19539,73112;1;12
50;50;1;1;3256,621853;;0;12
51;51;1;1;3256,621853;;0;12
52;52;1;1;3256,621853;;0;12
53;53;1;1;3256,621853;;0;12
54;54;1;1;3256,621853;;0;12
55;55;1;1;8458,125135;8458,125135;1;13
56;56;1;1;8092,304751;32369,219;1;14
57;57;1;1;8092,304751;;0;14
58;58;1;1;8092,304751;;0;14
59;59;1;1;8092,304751;;0;14
60;60;1;1;2704,261834;8112,785502;1;15
61;61;1;1;2704,261834;;0;15
62;62;1;1;2704,261834;;0;15
63;63;1;1;4562,975056;18251,90022;1;16
64;64;1;1;4562,975056;;0;16
65;65;1;1;4562,975056;;0;16
66;66;1;1;4562,975056;;0;16
67;67;1;1;1561,380291;7806,901455;1;17
68;68;1;1;1561,380291;;0;17
69;69;1;1;1561,380291;;0;17
70;70;1;1;1561,380291;;0;17
71;71;1;1;1561,380291;;0;17
72;72;1;1;3693,923407;25857,46385;1;18
73;73;1;1;3693,923407;;0;18
74;74;1;1;3693,923407;;0;18
75;75;1;1;3693,923407;;0;18
76;76;1;1;3693,923407;;0;18
77;77;1;1;3693,923407;;0;18
78;78;1;1;3693,923407;;0;18
79;79;1;1;2600,460059;13002,3003;1;19
80;80;1;1;2600,460059;;0;19
81;81;1;1;2600,460059;;0;19
82;82;1;1;2600,460059;;0;19
83;83;1;1;2600,460059;;0;19
84;84;1;1;3415,615553;10246,84666;1;20
85;85;1;1;3415,615553;;0;20
86;86;1;1;3415,615553;;0;20
87;87;1;1;1732,665953;8663,329765;1;21
88;88;1;1;1732,665953;;0;21
89;89;1;1;1732,665953;;0;21
90;90;1;1;1732,665953;;0;21
91;91;1;1;1732,665953;;0;21
92;92;1;1;3343,82584;10031,47752;1;22
93;93;1;1;3343,82584;;0;22
94;94;1;1;3343,82584;;0;22
95;95;1;1;6161,916142;12323,83228;1;23
96;96;1;1;6161,916142;;0;23
97;97;1;1;5462,344818;21849,37927;1;24
98;98;1;1;5462,344818;;0;24
99;99;1;1;5462,344818;;0;24
100;100;1;1;5462,344818;;0;24
101;101;1;1;4476,68018;8953,36036;1;25
102;102;1;1;4476,68018;;0;25
103;103;1;1;6978,825516;6978,825516;1;26
104;104;1;1;3527,617584;17638,08792;1;27
105;105;1;1;3527,617584;;0;27
106;106;1;1;3527,617584;;0;27
107;107;1;1;3527,617584;;0;27
108;108;1;1;3527,617584;;0;27
109;109;1;1;6978,825516;55830,60413;1;28
110;110;1;1;6978,825516;;0;28
111;111;1;1;6978,825516;;0;28
112;112;1;1;6978,825516;;0;28
113;113;1;1;6978,825516;;0;28
114;114;1;1;6978,825516;;0;28
115;115;1;1;6978,825516;;0;28
116;116;1;1;6978,825516;;0;28
117;117;1;1;6902,430368;20707,2911;1;29
118;118;1;1;6902,430368;;0;29
119;119;1;1;6902,430368;;0;29
120;120;1;1;6432,738079;32163,6904;1;30
121;121;1;1;6432,738079;;0;30
122;122;1;1;6432,738079;;0;30
123;123;1;1;6432,738079;;0;30
124;124;1;1;6432,738079;;0;30
125;125;1;1;7841,320277;23523,96083;1;31
126;126;1;1;7841,320277;;0;31
127;127;1;1;7841,320277;;0;31
128;128;1;1;6704,727025;33523,63513;1;32
129;129;1;1;6704,727025;;0;32
130;130;1;1;6704,727025;;0;32
131;131;1;1;6704,727025;;0;32
132;132;1;1;6704,727025;;0;32
133;133;1;1;20146,27256;40292,54512;1;33
134;134;1;1;20146,27256;;0;33
135;135;1;1;832,1936837;2496,581051;1;34
136;136;1;1;832,1936837;;0;34
137;137;1;1;832,1936837;;0;34
138;138;1;1;1870,112078;9350,56039;1;35
139;139;1;1;1870,112078;;0;35
140;140;1;1;1870,112078;;0;35
141;141;1;1;1870,112078;;0;35
142;142;1;1;1870,112078;;0;35
143;143;1;1;4204,732457;37842,59211;1;36
144;144;1;1;4204,732457;;0;36
145;145;1;1;4204,732457;;0;36
146;146;1;1;4204,732457;;0;36
147;147;1;1;4204,732457;;0;36
148;148;1;1;4204,732457;;0;36
149;149;1;1;4204,732457;;0;36
150;150;1;1;4204,732457;;0;36
151;151;1;1;4204,732457;;0;36
152;152;1;1;10392,96353;41571,85412;1;37
153;153;1;1;10392,96353;;0;37
154;154;1;1;10392,96353;;0;37
155;155;1;1;10392,96353;;0;37
156;156;1;1;5376,043397;16128,13019;1;38
157;157;1;1;5376,043397;;0;38
158;158;1;1;5376,043397;;0;38
159;159;1;1;1033,226999;4132,907996;1;39
160;160;1;1;1033,226999;;0;39
161;161;1;1;1033,226999;;0;39
162;162;1;1;1033,226999;;0;39
163;163;1;1;9424,034521;18848,06904;1;40
164;164;1;1;9424,034521;;0;40
165;165;1;1;3093,16468;9279,49404;1;41
166;166;1;1;3093,16468;;0;41
167;167;1;1;3093,16468;;0;41
168;168;1;1;4186,797172;25120,78303;1;42
169;169;1;1;4186,797172;;0;42
170;170;1;1;4186,797172;;0;42
171;171;1;1;4186,797172;;0;42
172;172;1;1;4186,797172;;0;42
173;173;1;1;4186,797172;;0;42
174;174;1;1;3173,481598;9520,444794;1;43
175;175;1;1;3173,481598;;0;43
176;176;1;1;3173,481598;;0;43
177;177;1;1;3018,596844;24148,77475;1;44
178;178;1;1;3018,596844;;0;44
179;179;1;1;3018,596844;;0;44
180;180;1;1;3018,596844;;0;44
181;181;1;1;3018,596844;;0;44
182;182;1;1;3018,596844;;0;44
183;183;1;1;3018,596844;;0;44
184;184;1;1;3018,596844;;0;44
185;185;1;1;4060,275192;12180,82558;1;45
186;186;1;1;4060,275192;;0;45
187;187;1;1;4060,275192;;0;45
188;188;1;1;5045,893793;40367,15034;1;46
189;189;1;1;5045,893793;;0;46
190;190;1;1;5045,893793;;0;46
191;191;1;1;5045,893793;;0;46
192;192;1;1;5045,893793;;0;46
193;193;1;1;5045,893793;;0;46
194;194;1;1;5045,893793;;0;46
195;195;1;1;5045,893793;;0;46
196;196;1;1;3108,033412;18648,20047;1;47
197;197;1;1;3108,033412;;0;47
198;198;1;1;3108,033412;;0;47
199;199;1;1;3108,033412;;0;47
200;200;1;1;3108,033412;;0;47
201;201;1;1;3108,033412;;0;47
202;202;1;1;2278,065518;9112,262072;1;48
203;203;1;1;2278,065518;;0;48
204;204;1;1;2278,065518;;0;48
205;205;1;1;2278,065518;;0;48
206;206;1;1;3584,526726;21507,16036;1;49
207;207;1;1;3584,526726;;0;49
208;208;1;1;3584,526726;;0;49
209;209;1;1;3584,526726;;0;49
210;210;1;1;3584,526726;;0;49
211;211;1;1;3584,526726;;0;49
212;212;1;1;2818,588635;11274,35454;1;50
213;213;1;1;2818,588635;;0;50
214;214;1;1;2818,588635;;0;50
215;215;1;1;2818,588635;;0;50
216;216;1;1;1782,262183;7129,048732;1;51
217;217;1;1;1782,262183;;0;51
218;218;1;1;1782,262183;;0;51
219;219;1;1;1782,262183;;0;51
220;220;1;1;2710,068484;10840,27394;1;52
221;221;1;1;2710,068484;;0;52
222;222;1;1;2710,068484;;0;52
223;223;1;1;2710,068484;;0;52
224;224;1;1;4890,573119;9781,146238;1;53
225;225;1;1;4890,573119;;0;53
226;226;1;1;3714,883674;14859,5347;1;54
227;227;1;1;3714,883674;;0;54
228;228;1;1;3714,883674;;0;54
229;229;1;1;3714,883674;;0;54
230;230;1;1;12387,58463;37162,75389;1;55
231;231;1;1;12387,58463;;0;55
232;232;1;1;12387,58463;;0;55
233;233;1;1;6894,237604;20682,71281;1;56
234;234;1;1;6894,237604;;0;56
235;235;1;1;6894,237604;;0;56
236;236;1;1;7984,063598;31936,25439;1;57
237;237;1;1;7984,063598;;0;57
238;238;1;1;7984,063598;;0;57
239;239;1;1;7984,063598;;0;57
240;240;1;1;9744,800352;38979,20141;1;58
241;241;1;1;9744,800352;;0;58
242;242;1;1;9744,800352;;0;58
243;243;1;1;9744,800352;;0;58
244;244;1;1;4060,753313;20303,76657;1;59
245;245;1;1;4060,753313;;0;59
246;246;1;1;4060,753313;;0;59
247;247;1;1;4060,753313;;0;59
248;248;1;1;4060,753313;;0;59
249;249;1;1;4380,750189;35046,00151;1;60
250;250;1;1;4380,750189;;0;60
251;251;1;1;4380,750189;;0;60
252;252;1;1;4380,750189;;0;60
253;253;1;1;4380,750189;;0;60
254;254;1;1;4380,750189;;0;60
255;255;1;1;4380,750189;;0;60
256;256;1;1;4380,750189;;0;60
257;257;1;1;3675,557381;22053,34429;1;61
258;258;1;1;3675,557381;;0;61
259;259;1;1;3675,557381;;0;61
260;260;1;1;3675,557381;;0;61
261;261;1;1;3675,557381;;0;61
262;262;1;1;3675,557381;;0;61
263;263;1;1;3601,45032;21608,70192;1;62
264;264;1;1;3601,45032;;0;62
265;265;1;1;3601,45032;;0;62
266;266;1;1;3601,45032;;0;62
267;267;1;1;3601,45032;;0;62
268;268;1;1;3601,45032;;0;62
269;269;1;1;5121,331184;25606,65592;1;63
270;270;1;1;5121,331184;;0;63
271;271;1;1;5121,331184;;0;63
272;272;1;1;5121,331184;;0;63
273;273;1;1;5121,331184;;0;63
274;274;1;1;6993,8931;13987,7862;1;64
275;275;1;1;6993,8931;;0;64
276;276;1;1;5710,482134;51394,33921;1;65
277;277;1;1;5710,482134;;0;65
278;278;1;1;5710,482134;;0;65
279;279;1;1;5710,482134;;0;65
280;280;1;1;5710,482134;;0;65
281;281;1;1;5710,482134;;0;65
282;282;1;1;5710,482134;;0;65
283;283;1;1;5710,482134;;0;65
284;284;1;1;5710,482134;;0;65
285;285;1;1;8108,878454;24326,63536;1;66
286;286;1;1;8108,878454;;0;66
287;287;1;1;8108,878454;;0;66
288;288;1;1;5872,648951;17617,94685;1;67
289;289;1;1;5872,648951;;0;67
290;290;1;1;5872,648951;;0;67
291;291;1;1;12028,36306;72170,17836;1;68
292;292;1;1;12028,36306;;0;68
293;293;1;1;12028,36306;;0;68
294;294;1;1;12028,36306;;0;68
295;295;1;1;12028,36306;;0;68
296;296;1;1;12028,36306;;0;68
297;297;1;1;5870,343674;23481,3747;1;69
298;298;1;1;5870,343674;;0;69
299;299;1;1;5870,343674;;0;69
300;300;1;1;5870,343674;;0;69
301;301;1;1;7075,494436;21226,48331;1;70
302;302;1;1;7075,494436;;0;70
303;303;1;1;7075,494436;;0;70
304;304;1;1;3803,767944;22822,60766;1;71
305;305;1;1;3803,767944;;0;71
306;306;1;1;3803,767944;;0;71
307;307;1;1;3803,767944;;0;71
308;308;1;1;3803,767944;;0;71
309;309;1;1;3803,767944;;0;71
310;310;1;1;6140,625214;30703,12607;1;72
311;311;1;1;6140,625214;;0;72
312;312;1;1;6140,625214;;0;72
313;313;1;1;6140,625214;;0;72
314;314;1;1;6140,625214;;0;72
315;315;1;1;13466,73411;67333,67055;1;73
316;316;1;1;13466,73411;;0;73
317;317;1;1;13466,73411;;0;73
318;318;1;1;13466,73411;;0;73
319;319;1;1;13466,73411;;0;73
320;320;1;1;7961,418741;31845,67496;1;74
321;321;1;1;7961,418741;;0;74
322;322;1;1;7961,418741;;0;74
323;323;1;1;7961,418741;;0;74
324;324;1;1;9571,923619;19143,84724;1;75
325;325;1;1;9571,923619;;0;75
326;326;1;1;5596,230358;27981,15179;1;76
327;327;1;1;5596,230358;;0;76
328;328;1;1;5596,230358;;0;76
329;329;1;1;5596,230358;;0;76
330;330;1;1;5596,230358;;0;76
331;331;1;1;10179,11407;50895,57035;1;77
332;332;1;1;10179,11407;;0;77
333;333;1;1;10179,11407;;0;77
334;334;1;1;10179,11407;;0;77
335;335;1;1;10179,11407;;0;77
336;336;1;1;7986,872294;23960,61688;1;78
337;337;1;1;7986,872294;;0;78
338;338;1;1;7986,872294;;0;78
339;339;1;1;11924,47621;35773,42863;1;79
340;340;1;1;11924,47621;;0;79
341;341;1;1;11924,47621;;0;79
342;342;1;1;5949,622455;23798,48982;1;80
343;343;1;1;5949,622455;;0;80
344;344;1;1;5949,622455;;0;80
345;345;1;1;5949,622455;;0;80
346;346;1;1;7265,992524;43595,95514;1;81
347;347;1;1;7265,992524;;0;81
348;348;1;1;7265,992524;;0;81
349;349;1;1;7265,992524;;0;81
350;350;1;1;7265,992524;;0;81
351;351;1;1;7265,992524;;0;81
352;352;1;1;10059,88932;60359,33592;1;82
353;353;1;1;10059,88932;;0;82
354;354;1;1;10059,88932;;0;82
355;355;1;1;10059,88932;;0;82
356;356;1;1;10059,88932;;0;82
357;357;1;1;10059,88932;;0;82
358;358;1;1;2667,118926;18669,83248;1;83
359;359;1;1;2667,118926;;0;83
360;360;1;1;2667,118926;;0;83
361;361;1;1;2667,118926;;0;83
362;362;1;1;2667,118926;;0;83
363;363;1;1;2667,118926;;0;83
364;364;1;1;2667,118926;;0;83
365;365;1;1;3320,468387;9961,405161;1;84
366;366;1;1;3320,468387;;0;84
367;367;1;1;3320,468387;;0;84
368;368;1;1;2405,65978;7216,97934;1;85
369;369;1;1;2405,65978;;0;85
370;370;1;1;2405,65978;;0;85
371;371;1;1;1629,753854;4889,261562;1;86
372;372;1;1;1629,753854;;0;86
373;373;1;1;1629,753854;;0;86
374;374;1;1;1771,087288;12397,61102;1;87
375;375;1;1;1771,087288;;0;87
376;376;1;1;1771,087288;;0;87
377;377;1;1;1771,087288;;0;87
378;378;1;1;1771,087288;;0;87
379;379;1;1;1771,087288;;0;87
380;380;1;1;1771,087288;;0;87
381;381;1;1;4297,331258;21486,65629;1;88
382;382;1;1;4297,331258;;0;88
383;383;1;1;4297,331258;;0;88
384;384;1;1;4297,331258;;0;88
385;385;1;1;4297,331258;;0;88
386;386;1;1;1185,476703;3556,430109;1;89
387;387;1;1;1185,476703;;0;89
388;388;1;1;1185,476703;;0;89
389;389;1;1;6233,12851;12466,25702;1;90
390;390;1;1;6233,12851;;0;90
391;391;1;1;6889,550822;27558,20329;1;91
392;392;1;1;6889,550822;;0;91
393;393;1;1;6889,550822;;0;91
394;394;1;1;6889,550822;;0;91
395;395;1;1;10569,11189;21138,22378;1;92
396;396;1;1;10569,11189;;0;92
397;397;1;1;6264,669171;25058,67668;1;93
398;398;1;1;6264,669171;;0;93
399;399;1;1;6264,669171;;0;93
400;400;1;1;6264,669171;;0;93
401;401;1;1;3786,181309;15144,72524;1;94
402;402;1;1;3786,181309;;0;94
403;403;1;1;3786,181309;;0;94
404;404;1;1;3786,181309;;0;94
405;405;1;1;1536,619246;10756,33472;1;95
406;406;1;1;1536,619246;;0;95
407;407;1;1;1536,619246;;0;95
408;408;1;1;1536,619246;;0;95
409;409;1;1;1536,619246;;0;95
410;410;1;1;1536,619246;;0;95
411;411;1;1;1536,619246;;0;95
412;412;1;1;2218,158167;13308,949;1;96
413;413;1;1;2218,158167;;0;96
414;414;1;1;2218,158167;;0;96
415;415;1;1;2218,158167;;0;96
416;416;1;1;2218,158167;;0;96
417;417;1;1;2218,158167;;0;96
418;418;1;1;2168,205527;15177,43869;1;97
419;419;1;1;2168,205527;;0;97
420;420;1;1;2168,205527;;0;97
421;421;1;1;2168,205527;;0;97
422;422;1;1;2168,205527;;0;97
423;423;1;1;2168,205527;;0;97
424;424;1;1;2168,205527;;0;97
425;425;1;1;5097,668392;15293,00518;1;98
426;426;1;1;5097,668392;;0;98
427;427;1;1;5097,668392;;0;98
428;428;1;1;5577,058393;33462,35036;1;99
429;429;1;1;5577,058393;;0;99
430;430;1;1;5577,058393;;0;99
431;431;1;1;5577,058393;;0;99
432;432;1;1;5577,058393;;0;99
433;433;1;1;5577,058393;;0;99
434;434;1;1;5823,169801;46585,35841;1;100
435;435;1;1;5823,169801;;0;100
436;436;1;1;5823,169801;;0;100
437;437;1;1;5823,169801;;0;100
438;438;1;1;5823,169801;;0;100
439;439;1;1;5823,169801;;0;100
440;440;1;1;5823,169801;;0;100
441;441;1;1;5823,169801;;0;100
442;442;1;1;1722,971848;10337,83109;1;101
443;443;1;1;1722,971848;;0;101
444;444;1;1;1722,971848;;0;101
445;445;1;1;1722,971848;;0;101
446;446;1;1;1722,971848;;0;101
447;447;1;1;1722,971848;;0;101
448;448;1;1;1334,121376;9338,849632;1;102
449;449;1;1;1334,121376;;0;102
450;450;1;1;1334,121376;;0;102
451;451;1;1;1334,121376;;0;102
452;452;1;1;1334,121376;;0;102
453;453;1;1;1334,121376;;0;102
454;454;1;1;1334,121376;;0;102
455;455;1;1;1496,413088;4489,239264;1;103
456;456;1;1;1496,413088;;0;103
457;457;1;1;1496,413088;;0;103
458;458;1;1;1542,019065;3084,03813;1;104
459;459;1;1;1542,019065;;0;104
460;460;1;1;5484,668259;16454,00478;1;105
461;461;1;1;5484,668259;;0;105
462;462;1;1;5484,668259;;0;105
463;463;1;1;5937,909588;17813,72876;1;106
464;464;1;1;5937,909588;;0;106
465;465;1;1;5937,909588;;0;106
466;466;1;1;6364,528838;19093,58651;1;107
467;467;1;1;6364,528838;;0;107
468;468;1;1;6364,528838;;0;107
469;469;1;1;9660,904165;28982,7125;1;108
470;470;1;1;9660,904165;;0;108
471;471;1;1;9660,904165;;0;108
472;472;1;1;3376,84911;33768,4911;1;109
473;473;1;1;3376,84911;;0;109
474;474;1;1;3376,84911;;0;109
475;475;1;1;3376,84911;;0;109
476;476;1;1;3376,84911;;0;109
477;477;1;1;3376,84911;;0;109
478;478;1;1;3376,84911;;0;109
479;479;1;1;3376,84911;;0;109
480;480;1;1;3376,84911;;0;109
481;481;1;1;3376,84911;;0;109
482;482;1;1;1760,247497;17602,47497;1;110
483;483;1;1;1760,247497;;0;110
484;484;1;1;1760,247497;;0;110
485;485;1;1;1760,247497;;0;110
486;486;1;1;1760,247497;;0;110
487;487;1;1;1760,247497;;0;110
488;488;1;1;1760,247497;;0;110
489;489;1;1;1760,247497;;0;110
490;490;1;1;1760,247497;;0;110
491;491;1;1;1760,247497;;0;110
492;492;1;1;4681,647749;14044,94325;1;111
493;493;1;1;4681,647749;;0;111
494;494;1;1;4681,647749;;0;111
495;495;1;1;6213,239261;12426,47852;1;112
496;496;1;1;6213,239261;;0;112
497;497;1;1;9273,240148;27819,72044;1;113
498;498;1;1;9273,240148;;0;113
499;499;1;1;9273,240148;;0;113
500;500;1;1;177,2975334;177,2975334;1;114
501;501;1;1;1380,891714;8285,350284;1;115
502;502;1;1;1380,891714;;0;115
503;503;1;1;1380,891714;;0;115
504;504;1;1;1380,891714;;0;115
505;505;1;1;1380,891714;;0;115
506;506;1;1;1380,891714;;0;115
507;507;1;1;2563,823292;25638,23292;1;116
508;508;1;1;2563,823292;;0;116
509;509;1;1;2563,823292;;0;116
510;510;1;1;2563,823292;;0;116
511;511;1;1;2563,823292;;0;116
512;512;1;1;2563,823292;;0;116
513;513;1;1;2563,823292;;0;116
514;514;1;1;2563,823292;;0;116
515;515;1;1;2563,823292;;0;116
516;516;1;1;2563,823292;;0;116
517;517;1;1;5725,753084;11451,50617;1;117
518;518;1;1;5725,753084;;0;117
519;519;1;1;2451,8068;4903,6136;1;118
520;520;1;1;2451,8068;;0;118
521;521;1;1;2164,784141;19483,05727;1;119
522;522;1;1;2164,784141;;0;119
523;523;1;1;2164,784141;;0;119
524;524;1;1;2164,784141;;0;119
525;525;1;1;2164,784141;;0;119
526;526;1;1;2164,784141;;0;119
527;527;1;1;2164,784141;;0;119
528;528;1;1;2164,784141;;0;119
529;529;1;1;2164,784141;;0;119
530;530;1;1;0;0;0;119
531;531;1;1;3952,890141;11858,67042;1;120
532;532;1;1;3952,890141;;0;120
533;533;1;1;3952,890141;;0;120
534;534;1;1;5555,144414;16665,43324;1;121
535;535;1;1;5555,144414;;0;121
536;536;1;1;5555,144414;;0;121
537;537;1;1;2647,288234;13236,44117;1;122
538;538;1;1;2647,288234;;0;122
539;539;1;1;2647,288234;;0;122
540;540;1;1;2647,288234;;0;122
541;541;1;1;2647,288234;;0;122
542;542;1;1;3983,596596;7967,193192;1;123
543;543;1;1;3983,596596;;0;123
544;544;1;1;4635,559933;9271,119866;1;124
545;545;1;1;4635,559933;;0;124
546;546;1;1;3103,989279;31039,89279;1;125
547;547;1;1;3103,989279;;0;125
548;548;1;1;3103,989279;;0;125
549;549;1;1;3103,989279;;0;125
550;550;1;1;3103,989279;;0;125
551;551;1;1;3103,989279;;0;125
552;552;1;1;3103,989279;;0;125
553;553;1;1;3103,989279;;0;125
554;554;1;1;3103,989279;;0;125
555;555;1;1;3103,989279;;0;125
556;556;1;1;3847,736871;7695,473742;1;126
557;557;1;1;3847,736871;;0;126
558;558;1;1;6216,87889;12433,75778;1;127
559;559;1;1;6216,87889;;0;127
560;560;1;1;5402,460491;5402,460491;1;128
561;561;1;1;11697,24962;11697,24962;1;129
562;562;1;1;3995,576434;3995,576434;1;130
563;563;1;1;5611,814028;28059,07014;1;131
564;564;1;1;5611,814028;;0;131
565;565;1;1;5611,814028;;0;131
566;566;1;1;5611,814028;;0;131
567;567;1;1;5611,814028;;0;131
568;568;1;1;8256,88987;16513,77974;1;132
569;569;1;1;8256,88987;;0;132
570;570;1;1;3916,801556;19584,00778;1;133
571;571;1;1;3916,801556;;0;133
572;572;1;1;3916,801556;;0;133
573;573;1;1;3916,801556;;0;133
574;574;1;1;3916,801556;;0;133
575;575;1;1;3769,084807;30152,67846;1;134
576;576;1;1;3769,084807;;0;134
577;577;1;1;3769,084807;;0;134
578;578;1;1;3769,084807;;0;134
579;579;1;1;3769,084807;;0;134
580;580;1;1;3769,084807;;0;134
581;581;1;1;3769,084807;;0;134
582;582;1;1;3769,084807;;0;134
583;583;1;1;5099,695629;15299,08689;1;135
584;584;1;1;5099,695629;;0;135
585;585;1;1;5099,695629;;0;135
586;586;1;1;6617,803085;19853,40926;1;136
587;587;1;1;6617,803085;;0;136
588;588;1;1;6617,803085;;0;136
589;589;1;1;3742,801937;26199,61356;1;137
590;590;1;1;3742,801937;;0;137
591;591;1;1;3742,801937;;0;137
592;592;1;1;3742,801937;;0;137
593;593;1;1;3742,801937;;0;137
594;594;1;1;3742,801937;;0;137
595;595;1;1;3742,801937;;0;137
596;596;1;1;3641,605144;21849,63086;1;138
597;597;1;1;3641,605144;;0;138
598;598;1;1;3641,605144;;0;138
599;599;1;1;3641,605144;;0;138
600;600;1;1;3641,605144;;0;138
601;601;1;1;3641,605144;;0;138
602;602;1;1;9120,953595;9120,953595;1;139
603;603;1;1;0;0;0;139
604;604;1;1;12138,81384;24277,62768;1;140
605;605;1;1;12138,81384;;0;140
606;606;1;1;2537,318021;2537,318021;1;141
607;607;1;1;8502,969014;8502,969014;1;142
608;608;1;1;6918,36964;6918,36964;1;143
609;609;1;1;892,8562544;892,8562544;1;144
610;610;1;1;2758,699974;8276,099922;1;145
611;611;1;1;2758,699974;;0;145
612;612;1;1;2758,699974;;0;145
613;613;1;1;5756,577849;17269,73355;1;146
614;614;1;1;5756,577849;;0;146
615;615;1;1;5756,577849;;0;146
616;616;1;1;2989,515958;14947,57979;1;147
617;617;1;1;2989,515958;;0;147
618;618;1;1;2989,515958;;0;147
619;619;1;1;2989,515958;;0;147
620;620;1;1;2989,515958;;0;147
621;621;1;1;4300,094901;8600,189802;1;148
622;622;1;1;4300,094901;;0;148
623;623;1;1;2450,21097;12251,05485;1;149
624;624;1;1;2450,21097;;0;149
625;625;1;1;2450,21097;;0;149
626;626;1;1;2450,21097;;0;149
627;627;1;1;2450,21097;;0;149
628;628;1;1;5319,799558;5319,799558;1;150
629;629;1;1;8784,681387;26354,04416;1;151
630;630;1;1;8784,681387;;0;151
631;631;1;1;8784,681387;;0;151
632;632;1;1;6272,97004;6272,97004;1;152
633;633;1;1;8538,238565;17076,47713;1;153
634;634;1;1;8538,238565;;0;153
635;635;1;1;7921,179592;23763,53878;1;154
636;636;1;1;7921,179592;;0;154
637;637;1;1;7921,179592;;0;154
638;638;1;1;5638,097631;22552,39052;1;155
639;639;1;1;5638,097631;;0;155
640;640;1;1;5638,097631;;0;155
641;641;1;1;5638,097631;;0;155
642;642;1;1;8652,116217;34608,46487;1;156
643;643;1;1;8652,116217;;0;156
644;644;1;1;8652,116217;;0;156
645;645;1;1;8652,116217;;0;156
646;646;1;1;3680,289067;22081,7344;1;157
647;647;1;1;3680,289067;;0;157
648;648;1;1;3680,289067;;0;157
649;649;1;1;3680,289067;;0;157
650;650;1;1;3680,289067;;0;157
651;651;1;1;3680,289067;;0;157
652;652;1;1;3464,497843;20786,98706;1;158
653;653;1;1;3464,497843;;0;158
654;654;1;1;3464,497843;;0;158
655;655;1;1;3464,497843;;0;158
656;656;1;1;3464,497843;;0;158
657;657;1;1;3464,497843;;0;158
658;658;1;1;1792,482222;8962,41111;1;159
659;659;1;1;1792,482222;;0;159
660;660;1;1;1792,482222;;0;159
661;661;1;1;1792,482222;;0;159
662;662;1;1;1792,482222;;0;159
663;663;1;1;5703,352048;17110,05614;1;160
664;664;1;1;5703,352048;;0;160
665;665;1;1;5703,352048;;0;160
666;666;1;1;7331,566888;29326,26755;1;161
667;667;1;1;7331,566888;;0;161
668;668;1;1;7331,566888;;0;161
669;669;1;1;7331,566888;;0;161
670;670;1;1;7074,854451;35374,27226;1;162
671;671;1;1;7074,854451;;0;162
672;672;1;1;7074,854451;;0;162
673;673;1;1;7074,854451;;0;162
674;674;1;1;7074,854451;;0;162
675;675;1;1;2764,365713;13821,82857;1;163
676;676;1;1;2764,365713;;0;163
677;677;1;1;2764,365713;;0;163
678;678;1;1;2764,365713;;0;163
679;679;1;1;2764,365713;;0;163
680;680;1;1;2841,65156;19891,56092;1;164
681;681;1;1;2841,65156;;0;164
682;682;1;1;2841,65156;;0;164
683;683;1;1;2841,65156;;0;164
684;684;1;1;2841,65156;;0;164
685;685;1;1;2841,65156;;0;164
686;686;1;1;2841,65156;;0;164
687;687;1;1;2436,827471;26805,10218;1;165
688;688;1;1;2436,827471;;0;165
689;689;1;1;2436,827471;;0;165
690;690;1;1;2436,827471;;0;165
691;691;1;1;2436,827471;;0;165
692;692;1;1;2436,827471;;0;165
693;693;1;1;2436,827471;;0;165
694;694;1;1;2436,827471;;0;165
695;695;1;1;2436,827471;;0;165
696;696;1;1;2436,827471;;0;165
697;697;1;1;2436,827471;;0;165
698;698;1;1;2684,72692;16108,36152;1;166
699;699;1;1;2684,72692;;0;166
700;700;1;1;2684,72692;;0;166
701;701;1;1;2684,72692;;0;166
702;702;1;1;2684,72692;;0;166
703;703;1;1;2684,72692;;0;166
704;704;1;1;2250,666532;18005,33226;1;167
705;705;1;1;2250,666532;;0;167
706;706;1;1;2250,666532;;0;167
707;707;1;1;2250,666532;;0;167
708;708;1;1;2250,666532;;0;167
709;709;1;1;2250,666532;;0;167
710;710;1;1;2250,666532;;0;167
711;711;1;1;2250,666532;;0;167
712;712;1;1;2838,512026;17031,07216;1;168
713;713;1;1;2838,512026;;0;168
714;714;1;1;2838,512026;;0;168
715;715;1;1;2838,512026;;0;168
716;716;1;1;2838,512026;;0;168
717;717;1;1;2838,512026;;0;168
718;718;1;1;2697,511219;13487,5561;1;169
719;719;1;1;2697,511219;;0;169
720;720;1;1;2697,511219;;0;169
721;721;1;1;2697,511219;;0;169
722;722;1;1;2697,511219;;0;169
723;723;1;1;1063,026742;3189,080226;1;170
724;724;1;1;1063,026742;;0;170
725;725;1;1;1063,026742;;0;170
726;726;1;1;960,3229703;960,3229703;1;171
727;727;1;1;0;0;0;171
728;728;1;1;2181,609026;19634,48123;1;172
729;729;1;1;2181,609026;;0;172
730;730;1;1;2181,609026;;0;172
731;731;1;1;2181,609026;;0;172
732;732;1;1;2181,609026;;0;172
733;733;1;1;2181,609026;;0;172
734;734;1;1;2181,609026;;0;172
735;735;1;1;2181,609026;;0;172
736;736;1;1;2181,609026;;0;172
737;737;1;1;4801,305525;14403,91658;1;173
738;738;1;1;4801,305525;;0;173
739;739;1;1;4801,305525;;0;173
740;740;1;1;9821,864731;19643,72946;1;174
741;741;1;1;9821,864731;;0;174
742;742;1;1;5301,103806;10602,20761;1;175
743;743;1;1;5301,103806;;0;175
744;744;1;1;3186,181174;25489,44939;1;176
745;745;1;1;3186,181174;;0;176
746;746;1;1;3186,181174;;0;176
747;747;1;1;3186,181174;;0;176
748;748;1;1;3186,181174;;0;176
749;749;1;1;3186,181174;;0;176
750;750;1;1;3186,181174;;0;176
751;751;1;1;3186,181174;;0;176
752;752;1;1;9862,905164;9862,905164;1;177
753;753;1;1;3272,250579;13089,00232;1;178
754;754;1;1;3272,250579;;0;178
755;755;1;1;3272,250579;;0;178
756;756;1;1;3272,250579;;0;178
757;757;1;1;2532,05049;17724,35343;1;179
758;758;1;1;2532,05049;;0;179
759;759;1;1;2532,05049;;0;179
760;760;1;1;2532,05049;;0;179
761;761;1;1;2532,05049;;0;179
762;762;1;1;2532,05049;;0;179
763;763;1;1;2532,05049;;0;179
764;764;1;1;3633,233048;18166,16524;1;180
765;765;1;1;3633,233048;;0;180
766;766;1;1;3633,233048;;0;180
767;767;1;1;3633,233048;;0;180
768;768;1;1;3633,233048;;0;180
769;769;1;1;4439,589722;8879,179444;1;181
770;770;1;1;4439,589722;;0;181
771;771;1;1;7876,163778;7876,163778;1;182
772;772;1;1;2745,03952;10980,15808;1;183
773;773;1;1;2745,03952;;0;183
774;774;1;1;2745,03952;;0;183
775;775;1;1;2745,03952;;0;183
776;776;1;1;5031,010971;25155,05486;1;184
777;777;1;1;5031,010971;;0;184
778;778;1;1;5031,010971;;0;184
779;779;1;1;5031,010971;;0;184
780;780;1;1;5031,010971;;0;184
781;781;1;1;4043,951836;28307,66285;1;185
782;782;1;1;4043,951836;;0;185
783;783;1;1;4043,951836;;0;185
784;784;1;1;4043,951836;;0;185
785;785;1;1;4043,951836;;0;185
786;786;1;1;4043,951836;;0;185
787;787;1;1;4043,951836;;0;185
788;788;1;1;1722,742983;5168,228949;1;186
789;789;1;1;1722,742983;;0;186
790;790;1;1;1722,742983;;0;186
791;791;1;1;3725,239095;22351,43457;1;187
792;792;1;1;3725,239095;;0;187
793;793;1;1;3725,239095;;0;187
794;794;1;1;3725,239095;;0;187
795;795;1;1;3725,239095;;0;187
796;796;1;1;3725,239095;;0;187
797;797;1;1;5322,139694;10644,27939;1;188
798;798;1;1;5322,139694;;0;188
799;799;1;1;4886,276334;9772,552668;1;189
800;800;1;1;4886,276334;;0;189
801;801;1;1;5909,831531;23639,32612;1;190
802;802;1;1;5909,831531;;0;190
803;803;1;1;5909,831531;;0;190
804;804;1;1;5909,831531;;0;190
805;805;1;1;4635,159889;13905,47967;1;191
806;806;1;1;4635,159889;;0;191
807;807;1;1;4635,159889;;0;191
808;808;1;1;3976,312358;15905,24943;1;192
809;809;1;1;3976,312358;;0;192
810;810;1;1;3976,312358;;0;192
811;811;1;1;3976,312358;;0;192
812;812;1;1;2226,927237;15588,49066;1;193
813;813;1;1;2226,927237;;0;193
814;814;1;1;2226,927237;;0;193
815;815;1;1;2226,927237;;0;193
816;816;1;1;2226,927237;;0;193
817;817;1;1;2226,927237;;0;193
818;818;1;1;2226,927237;;0;193
819;819;1;1;3349,818309;20098,90985;1;194
820;820;1;1;3349,818309;;0;194
821;821;1;1;3349,818309;;0;194
822;822;1;1;3349,818309;;0;194
823;823;1;1;3349,818309;;0;194
824;824;1;1;3349,818309;;0;194
825;825;1;1;5888,48049;23553,92196;1;195
826;826;1;1;5888,48049;;0;195
827;827;1;1;5888,48049;;0;195
828;828;1;1;5888,48049;;0;195
829;829;1;1;3216,79586;16083,9793;1;196
830;830;1;1;3216,79586;;0;196
831;831;1;1;3216,79586;;0;196
832;832;1;1;3216,79586;;0;196
833;833;1;1;3216,79586;;0;196
834;834;1;1;6533,07128;19599,21384;1;197
835;835;1;1;6533,07128;;0;197
836;836;1;1;6533,07128;;0;197
837;837;1;1;1835,421325;5506,263975;1;198
838;838;1;1;1835,421325;;0;198
839;839;1;1;1835,421325;;0;198
840;840;1;1;11183,63294;22367,26588;1;199
841;841;1;1;11183,63294;;0;199
842;842;1;1;4029,638117;24177,8287;1;200
843;843;1;1;4029,638117;;0;200
844;844;1;1;4029,638117;;0;200
845;845;1;1;4029,638117;;0;200
846;846;1;1;4029,638117;;0;200
847;847;1;1;4029,638117;;0;200
848;848;1;1;2447,312291;12236,56146;1;201
849;849;1;1;2447,312291;;0;201
850;850;1;1;2447,312291;;0;201
851;851;1;1;2447,312291;;0;201
852;852;1;1;2447,312291;;0;201
853;853;1;1;3762,715486;15050,86194;1;202
854;854;1;1;3762,715486;;0;202
855;855;1;1;3762,715486;;0;202
856;856;1;1;3762,715486;;0;202
857;857;1;1;2402,188588;12010,94294;1;203
858;858;1;1;2402,188588;;0;203
859;859;1;1;2402,188588;;0;203
860;860;1;1;2402,188588;;0;203
861;861;1;1;2402,188588;;0;203
862;862;1;1;8778,343195;17556,68639;1;204
863;863;1;1;8778,343195;;0;204
864;864;1;1;3337,089529;6674,179058;1;205
865;865;1;1;3337,089529;;0;205
866;866;1;1;4835,781803;14507,34541;1;206
867;867;1;1;4835,781803;;0;206
868;868;1;1;4835,781803;;0;206
869;869;1;1;6997,742946;13995,48589;1;207
870;870;1;1;6997,742946;;0;207
871;871;1;1;2422,287828;4844,575656;1;208
872;872;1;1;2422,287828;;0;208
873;873;1;1;531,4771285;531,4771285;1;209
874;874;1;1;2978,343141;8935,029423;1;210
875;875;1;1;2978,343141;;0;210
876;876;1;1;2978,343141;;0;210
877;877;1;1;1681,427967;11769,99577;1;211
878;878;1;1;1681,427967;;0;211
879;879;1;1;1681,427967;;0;211
880;880;1;1;1681,427967;;0;211
881;881;1;1;1681,427967;;0;211
882;882;1;1;1681,427967;;0;211
883;883;1;1;1681,427967;;0;211
884;884;1;1;3442,047445;17210,23723;1;212
885;885;1;1;3442,047445;;0;212
886;886;1;1;3442,047445;;0;212
887;887;1;1;3442,047445;;0;212
888;888;1;1;3442,047445;;0;212
889;889;1;1;2925,098466;5850,196932;1;213
890;890;1;1;2925,098466;;0;213
891;891;1;1;3066,736942;27600,63248;1;214
892;892;1;1;3066,736942;;0;214
893;893;1;1;3066,736942;;0;214
894;894;1;1;3066,736942;;0;214
895;895;1;1;3066,736942;;0;214
896;896;1;1;3066,736942;;0;214
897;897;1;1;3066,736942;;0;214
898;898;1;1;3066,736942;;0;214
899;899;1;1;3066,736942;;0;214
900;900;1;1;3189,92264;6379,84528;1;215
901;901;1;1;3189,92264;;0;215
902;902;1;1;3323,88109;19943,28654;1;216
903;903;1;1;3323,88109;;0;216
904;904;1;1;3323,88109;;0;216
905;905;1;1;3323,88109;;0;216
906;906;1;1;3323,88109;;0;216
907;907;1;1;3323,88109;;0;216
908;908;1;1;1217,972554;6089,86277;1;217
909;909;1;1;1217,972554;;0;217
910;910;1;1;1217,972554;;0;217
911;911;1;1;1217,972554;;0;217
912;912;1;1;1217,972554;;0;217
913;913;1;1;3846,506157;15386,02463;1;218
914;914;1;1;3846,506157;;0;218
915;915;1;1;3846,506157;;0;218
916;916;1;1;3846,506157;;0;218
917;917;1;1;2050,800348;8203,201392;1;219
918;918;1;1;2050,800348;;0;219
919;919;1;1;2050,800348;;0;219
920;920;1;1;2050,800348;;0;219
921;921;1;1;2271,139709;6813,419127;1;220
922;922;1;1;2271,139709;;0;220
923;923;1;1;2271,139709;;0;220
924;924;1;1;3304,387971;13217,55188;1;221
925;925;1;1;3304,387971;;0;221
926;926;1;1;3304,387971;;0;221
927;927;1;1;3304,387971;;0;221
928;928;1;1;2117,496566;12704,9794;1;222
929;929;1;1;2117,496566;;0;222
930;930;1;1;2117,496566;;0;222
931;931;1;1;2117,496566;;0;222
932;932;1;1;2117,496566;;0;222
933;933;1;1;2117,496566;;0;222
934;934;1;1;4246,627046;25479,76228;1;223
935;935;1;1;4246,627046;;0;223
936;936;1;1;4246,627046;;0;223
937;937;1;1;4246,627046;;0;223
938;938;1;1;4246,627046;;0;223
939;939;1;1;4246,627046;;0;223
940;940;1;1;2744,952267;13724,76134;1;224
941;941;1;1;2744,952267;;0;224
942;942;1;1;2744,952267;;0;224
943;943;1;1;2744,952267;;0;224
944;944;1;1;2744,952267;;0;224
945;945;1;1;4425,543272;17702,17309;1;225
946;946;1;1;4425,543272;;0;225
947;947;1;1;4425,543272;;0;225
948;948;1;1;4425,543272;;0;225
949;949;1;1;4572,199889;22860,99945;1;226
950;950;1;1;4572,199889;;0;226
951;951;1;1;4572,199889;;0;226
952;952;1;1;4572,199889;;0;226
953;953;1;1;4572,199889;;0;226
954;954;1;1;4593,826948;18375,30779;1;227
955;955;1;1;4593,826948;;0;227
956;956;1;1;4593,826948;;0;227
957;957;1;1;4593,826948;;0;227
958;958;1;1;11074,19322;33222,57966;1;228
959;959;1;1;11074,19322;;0;228
960;960;1;1;11074,19322;;0;228
961;961;1;1;2814,247126;2814,247126;1;229
962;962;1;1;6129,750823;12259,50165;1;230
963;963;1;1;6129,750823;;0;230
964;964;1;1;4253,610442;8507,220884;1;231
965;965;1;1;4253,610442;;0;231
966;966;1;1;2912,850116;11651,40046;1;232
967;967;1;1;2912,850116;;0;232
968;968;1;1;2912,850116;;0;232
969;969;1;1;2912,850116;;0;232
970;970;1;1;4552,945184;9105,890368;1;233
971;971;1;1;4552,945184;;0;233
972;972;1;1;4227,274631;8454,549262;1;234
973;973;1;1;4227,274631;;0;234
974;974;1;1;1653,143124;21490,86061;1;235
975;975;1;1;1653,143124;;0;235
976;976;1;1;1653,143124;;0;235
977;977;1;1;1653,143124;;0;235
978;978;1;1;1653,143124;;0;235
979;979;1;1;1653,143124;;0;235
980;980;1;1;1653,143124;;0;235
981;981;1;1;1653,143124;;0;235
982;982;1;1;1653,143124;;0;235
983;983;1;1;1653,143124;;0;235
984;984;1;1;1653,143124;;0;235
985;985;1;1;1653,143124;;0;235
986;986;1;1;1653,143124;;0;235
987;987;1;1;1957,237257;15657,89806;1;236
988;988;1;1;1957,237257;;0;236
989;989;1;1;1957,237257;;0;236
990;990;1;1;1957,237257;;0;236
991;991;1;1;1957,237257;;0;236
992;992;1;1;1957,237257;;0;236
993;993;1;1;1957,237257;;0;236
994;994;1;1;1957,237257;;0;236
995;995;1;1;1920,154244;9600,77122;1;237
996;996;1;1;1920,154244;;0;237
997;997;1;1;1920,154244;;0;237
998;998;1;1;1920,154244;;0;237
999;999;1;1;1920,154244;;0;237
1000;1000;1;1;2034,276287;8137,105148;1;238
1001;1001;1;1;2034,276287;;0;238
1002;1002;1;1;2034,276287;;0;238
1003;1003;1;1;2034,276287;;0;238
1004;1004;1;1;3009,366237;12037,46495;1;239
1005;1005;1;1;3009,366237;;0;239
1006;1006;1;1;3009,366237;;0;239
1007;1007;1;1;3009,366237;;0;239
1008;1008;1;1;2950,856544;11803,42618;1;240
1009;1009;1;1;2950,856544;;0;240
1010;1010;1;1;2950,856544;;0;240
1011;1011;1;1;2950,856544;;0;240
1012;1012;1;1;3045,256251;12181,025;1;241
1013;1013;1;1;3045,256251;;0;241
1014;1014;1;1;3045,256251;;0;241
1015;1015;1;1;3045,256251;;0;241
1016;1016;1;1;4284,959965;17139,83986;1;242
1017;1017;1;1;4284,959965;;0;242
1018;1018;1;1;4284,959965;;0;242
1019;1019;1;1;4284,959965;;0;242
1020;1020;1;1;3465,085869;13860,34348;1;243
1021;1021;1;1;3465,085869;;0;243
1022;1022;1;1;3465,085869;;0;243
1023;1023;1;1;3465,085869;;0;243
1024;1024;1;1;3187,890659;15939,4533;1;244
1025;1025;1;1;3187,890659;;0;244
1026;1026;1;1;3187,890659;;0;244
1027;1027;1;1;3187,890659;;0;244
1028;1028;1;1;3187,890659;;0;244
1029;1029;1;1;5188,446536;15565,33961;1;245
1030;1030;1;1;5188,446536;;0;245
1031;1031;1;1;5188,446536;;0;245
1032;1032;1;1;3627,585612;7255,171224;1;246
1033;1033;1;1;3627,585612;;0;246
1034;1034;1;1;4090,810275;12272,43083;1;247
1035;1035;1;1;4090,810275;;0;247
1036;1036;1;1;4090,810275;;0;247
1037;1037;1;1;2836,347856;17018,08714;1;248
1038;1038;1;1;2836,347856;;0;248
1039;1039;1;1;2836,347856;;0;248
1040;1040;1;1;2836,347856;;0;248
1041;1041;1;1;2836,347856;;0;248
1042;1042;1;1;2836,347856;;0;248
1043;1043;1;1;2841,099941;17046,59965;1;249
1044;1044;1;1;2841,099941;;0;249
1045;1045;1;1;2841,099941;;0;249
1046;1046;1;1;2841,099941;;0;249
1047;1047;1;1;2841,099941;;0;249
1048;1048;1;1;2841,099941;;0;249
1049;1049;1;1;3760,538076;18802,69038;1;250
1050;1050;1;1;3760,538076;;0;250
1051;1051;1;1;3760,538076;;0;250
1052;1052;1;1;3760,538076;;0;250
1053;1053;1;1;3760,538076;;0;250
1054;1054;1;1;3711,599832;3711,599832;1;251
1055;1055;1;1;4673,580566;14020,7417;1;252
1056;1056;1;1;4673,580566;;0;252
1057;1057;1;1;4673,580566;;0;252
1058;1058;1;1;6323,284706;25293,13882;1;253
1059;1059;1;1;6323,284706;;0;253
1060;1060;1;1;6323,284706;;0;253
1061;1061;1;1;6323,284706;;0;253
1062;1062;1;1;3920,735895;23524,41537;1;254
1063;1063;1;1;3920,735895;;0;254
1064;1064;1;1;3920,735895;;0;254
1065;1065;1;1;3920,735895;;0;254
1066;1066;1;1;3920,735895;;0;254
1067;1067;1;1;3920,735895;;0;254
1068;1068;1;1;2802,437419;25221,93677;1;255
1069;1069;1;1;2802,437419;;0;255
1070;1070;1;1;2802,437419;;0;255
1071;1071;1;1;2802,437419;;0;255
1072;1072;1;1;2802,437419;;0;255
1073;1073;1;1;2802,437419;;0;255
1074;1074;1;1;2802,437419;;0;255
1075;1075;1;1;2802,437419;;0;255
1076;1076;1;1;2802,437419;;0;255
1077;1077;1;1;2913,398565;14566,99283;1;256
1078;1078;1;1;2913,398565;;0;256
1079;1079;1;1;2913,398565;;0;256
1080;1080;1;1;2913,398565;;0;256
1081;1081;1;1;2913,398565;;0;256
1082;1082;1;1;8048,946251;24146,83875;1;257
1083;1083;1;1;8048,946251;;0;257
1084;1084;1;1;8048,946251;;0;257
1085;1085;1;1;16135,29466;32270,58932;1;258
1086;1086;1;1;16135,29466;;0;258
1087;1087;1;1;6843,304836;6843,304836;1;259
1088;1088;1;1;5981,771724;41872,40207;1;260
1089;1089;1;1;5981,771724;;0;260
1090;1090;1;1;5981,771724;;0;260
1091;1091;1;1;5981,771724;;0;260
1092;1092;1;1;5981,771724;;0;260
1093;1093;1;1;5981,771724;;0;260
1094;1094;1;1;5981,771724;;0;260
1095;1095;1;1;11475,33461;22950,66922;1;261
1096;1096;1;1;11475,33461;;0;261
1097;1097;1;1;4908,633315;14725,89995;1;262
1098;1098;1;1;4908,633315;;0;262
1099;1099;1;1;4908,633315;;0;262
1100;1100;1;1;1627,192591;4881,577773;1;263
1101;1101;1;1;1627,192591;;0;263
1102;1102;1;1;1627,192591;;0;263
1103;1103;1;1;5474,730111;10949,46022;1;264
1104;1104;1;1;5474,730111;;0;264
1105;1105;1;1;4764,700187;9529,400374;1;265
1106;1106;1;1;4764,700187;;0;265
1107;1107;1;1;9516,98611;28550,95833;1;266
1108;1108;1;1;9516,98611;;0;266
1109;1109;1;1;9516,98611;;0;266
1110;1110;1;1;11881,76896;35645,30688;1;267
1111;1111;1;1;11881,76896;;0;267
1112;1112;1;1;11881,76896;;0;267
1113;1113;1;1;6063,226142;12126,45228;1;268
1114;1114;1;1;6063,226142;;0;268
1115;1115;1;1;3220,865754;22546,06028;1;269
1116;1116;1;1;3220,865754;;0;269
1117;1117;1;1;3220,865754;;0;269
1118;1118;1;1;3220,865754;;0;269
1119;1119;1;1;3220,865754;;0;269
1120;1120;1;1;3220,865754;;0;269
1121;1121;1;1;3220,865754;;0;269
1122;1122;1;1;1680,584356;11764,09049;1;270
1123;1123;1;1;1680,584356;;0;270
1124;1124;1;1;1680,584356;;0;270
1125;1125;1;1;1680,584356;;0;270
1126;1126;1;1;1680,584356;;0;270
1127;1127;1;1;1680,584356;;0;270
1128;1128;1;1;1680,584356;;0;270
1129;1129;1;1;1492,940531;8957,643186;1;271
1130;1130;1;1;1492,940531;;0;271
1131;1131;1;1;1492,940531;;0;271
1132;1132;1;1;1492,940531;;0;271
1133;1133;1;1;1492,940531;;0;271
1134;1134;1;1;1492,940531;;0;271
1135;1135;1;1;4185,310181;29297,17127;1;272
1136;1136;1;1;4185,310181;;0;272
1137;1137;1;1;4185,310181;;0;272
1138;1138;1;1;4185,310181;;0;272
1139;1139;1;1;4185,310181;;0;272
1140;1140;1;1;4185,310181;;0;272
1141;1141;1;1;4185,310181;;0;272
1142;1142;1;1;12369,04694;49476,18776;1;273
1143;1143;1;1;12369,04694;;0;273
1144;1144;1;1;12369,04694;;0;273
1145;1145;1;1;12369,04694;;0;273
1146;1146;1;1;2880,879205;2880,879205;1;274
1147;1147;1;1;495,3437889;495,3437889;1;275
1148;1148;1;1;14318,43325;28636,8665;1;276
1149;1149;1;1;14318,43325;;0;276
1150;1150;1;1;8138,600792;8138,600792;1;277
1151;1151;1;1;6948,505974;83382,07169;1;278
1152;1152;1;1;6948,505974;;0;278
1153;1153;1;1;6948,505974;;0;278
1154;1154;1;1;6948,505974;;0;278
1155;1155;1;1;6948,505974;;0;278
1156;1156;1;1;6948,505974;;0;278
1157;1157;1;1;6948,505974;;0;278
1158;1158;1;1;6948,505974;;0;278
1159;1159;1;1;6948,505974;;0;278
1160;1160;1;1;6948,505974;;0;278
1161;1161;1;1;6948,505974;;0;278
1162;1162;1;1;6948,505974;;0;278
1163;1163;1;1;3419,36411;27354,91288;1;279
1164;1164;1;1;3419,36411;;0;279
1165;1165;1;1;3419,36411;;0;279
1166;1166;1;1;3419,36411;;0;279
1167;1167;1;1;3419,36411;;0;279
1168;1168;1;1;3419,36411;;0;279
1169;1169;1;1;3419,36411;;0;279
1170;1170;1;1;3419,36411;;0;279
1171;1171;1;1;6320,026637;37920,15982;1;280
1172;1172;1;1;6320,026637;;0;280
1173;1173;1;1;6320,026637;;0;280
1174;1174;1;1;6320,026637;;0;280
1175;1175;1;1;6320,026637;;0;280
1176;1176;1;1;6320,026637;;0;280
1177;1177;1;1;5025,883768;30155,30261;1;281
1178;1178;1;1;5025,883768;;0;281
1179;1179;1;1;5025,883768;;0;281
1180;1180;1;1;5025,883768;;0;281
1181;1181;1;1;5025,883768;;0;281
1182;1182;1;1;5025,883768;;0;281
1183;1183;1;1;3720,354625;26042,48238;1;282
1184;1184;1;1;3720,354625;;0;282
1185;1185;1;1;3720,354625;;0;282
1186;1186;1;1;3720,354625;;0;282
1187;1187;1;1;3720,354625;;0;282
1188;1188;1;1;3720,354625;;0;282
1189;1189;1;1;3720,354625;;0;282
1190;1190;1;1;4151,817934;20759,08967;1;283
1191;1191;1;1;4151,817934;;0;283
1192;1192;1;1;4151,817934;;0;283
1193;1193;1;1;4151,817934;;0;283
1194;1194;1;1;4151,817934;;0;283
1195;1195;1;1;6503,051541;19509,15462;1;284
1196;1196;1;1;6503,051541;;0;284
1197;1197;1;1;6503,051541;;0;284
1198;1198;1;1;3488,764126;10466,29238;1;285
1199;1199;1;1;3488,764126;;0;285
1200;1200;1;1;3488,764126;;0;285
1201;1201;1;1;2572,354336;7717,063008;1;286
1202;1202;1;1;2572,354336;;0;286
1203;1203;1;1;2572,354336;;0;286
1204;1204;1;1;7226,154673;14452,30935;1;287
1205;1205;1;1;7226,154673;;0;287
1206;1206;1;1;7008,435544;14016,87109;1;288
1207;1207;1;1;7008,435544;;0;288
1208;1208;1;1;2260,099183;13560,5951;1;289
1209;1209;1;1;2260,099183;;0;289
1210;1210;1;1;2260,099183;;0;289
1211;1211;1;1;2260,099183;;0;289
1212;1212;1;1;2260,099183;;0;289
1213;1213;1;1;2260,099183;;0;289
1214;1214;1;1;4219,961299;16879,8452;1;290
1215;1215;1;1;4219,961299;;0;290
1216;1216;1;1;4219,961299;;0;290
1217;1217;1;1;4219,961299;;0;290
1218;1218;1;1;4530,032151;18120,1286;1;291
1219;1219;1;1;4530,032151;;0;291
1220;1220;1;1;4530,032151;;0;291
1221;1221;1;1;4530,032151;;0;291
1222;1222;1;1;5833,895627;23335,58251;1;292
1223;1223;1;1;5833,895627;;0;292
1224;1224;1;1;5833,895627;;0;292
1225;1225;1;1;5833,895627;;0;292
1226;1226;1;1;4005,866345;12017,59904;1;293
1227;1227;1;1;4005,866345;;0;293
1228;1228;1;1;4005,866345;;0;293
1229;1229;1;1;5807,753391;17423,26017;1;294
1230;1230;1;1;5807,753391;;0;294
1231;1231;1;1;5807,753391;;0;294
1232;1232;1;1;2983,678619;8951,035857;1;295
1233;1233;1;1;2983,678619;;0;295
1234;1234;1;1;2983,678619;;0;295
1235;1235;1;1;2916,903437;8750,710311;1;296
1236;1236;1;1;2916,903437;;0;296
1237;1237;1;1;2916,903437;;0;296
1238;1238;1;1;2300,0616;9200,2464;1;297
1239;1239;1;1;2300,0616;;0;297
1240;1240;1;1;2300,0616;;0;297
1241;1241;1;1;2300,0616;;0;297
1242;1242;1;1;3363,770477;6727,540954;1;298
1243;1243;1;1;3363,770477;;0;298
1244;1244;1;1;1813,538442;10881,23065;1;299
1245;1245;1;1;1813,538442;;0;299
1246;1246;1;1;1813,538442;;0;299
1247;1247;1;1;1813,538442;;0;299
1248;1248;1;1;1813,538442;;0;299
1249;1249;1;1;1813,538442;;0;299
1250;1250;1;1;5121,607192;10243,21438;1;300
1251;1251;1;1;5121,607192;;0;300
1252;1252;1;1;5606,621123;11213,24225;1;301
1253;1253;1;1;5606,621123;;0;301
1254;1254;1;1;7913,950109;7913,950109;1;302
1255;1255;1;1;5253,157016;5253,157016;1;303
1256;1256;1;1;3826,345478;11479,03643;1;304
1257;1257;1;1;3826,345478;;0;304
1258;1258;1;1;3826,345478;;0;304
1259;1259;1;1;2067,045039;16536,36031;1;305
1260;1260;1;1;2067,045039;;0;305
1261;1261;1;1;2067,045039;;0;305
1262;1262;1;1;2067,045039;;0;305
1263;1263;1;1;2067,045039;;0;305
1264;1264;1;1;2067,045039;;0;305
1265;1265;1;1;2067,045039;;0;305
1266;1266;1;1;2067,045039;;0;305
1267;1267;1;1;2782,551479;8347,654437;1;306
1268;1268;1;1;2782,551479;;0;306
1269;1269;1;1;2782,551479;;0;306
1270;1270;1;1;2191,878945;4383,75789;1;307
1271;1271;1;1;2191,878945;;0;307
1272;1272;1;1;4965,179958;9930,359916;1;308
1273;1273;1;1;4965,179958;;0;308
1274;1274;1;1;11504,76293;11504,76293;1;309
1275;1275;1;1;5602,137809;28010,68905;1;310
1276;1276;1;1;5602,137809;;0;310
1277;1277;1;1;5602,137809;;0;310
1278;1278;1;1;5602,137809;;0;310
1279;1279;1;1;5602,137809;;0;310
1280;1280;1;1;2122,634936;8490,539744;1;311
1281;1281;1;1;2122,634936;;0;311
1282;1282;1;1;2122,634936;;0;311
1283;1283;1;1;2122,634936;;0;311
1284;1284;1;1;2128,2526;10641,263;1;312
1285;1285;1;1;2128,2526;;0;312
1286;1286;1;1;2128,2526;;0;312
1287;1287;1;1;2128,2526;;0;312
1288;1288;1;1;2128,2526;;0;312
1289;1289;1;1;7113,322258;21339,96677;1;313
1290;1290;1;1;7113,322258;;0;313
1291;1291;1;1;7113,322258;;0;313
1292;1292;1;1;11071,77515;33215,32545;1;314
1293;1293;1;1;11071,77515;;0;314
1294;1294;1;1;11071,77515;;0;314
1295;1295;1;1;3786,826117;22720,9567;1;315
1296;1296;1;1;3786,826117;;0;315
1297;1297;1;1;3786,826117;;0;315
1298;1298;1;1;3786,826117;;0;315
1299;1299;1;1;3786,826117;;0;315
1300;1300;1;1;3786,826117;;0;315
1301;1301;1;1;2233,083193;8932,332772;1;316
1302;1302;1;1;2233,083193;;0;316
1303;1303;1;1;2233,083193;;0;316
1304;1304;1;1;2233,083193;;0;316
1305;1305;1;1;4327,555537;17310,22215;1;317
1306;1306;1;1;4327,555537;;0;317
1307;1307;1;1;4327,555537;;0;317
1308;1308;1;1;4327,555537;;0;317
1309;1309;1;1;544,4048369;544,4048369;1;318
1310;1310;1;1;3448,017406;24136,12184;1;319
1311;1311;1;1;3448,017406;;0;319
1312;1312;1;1;3448,017406;;0;319
1313;1313;1;1;3448,017406;;0;319
1314;1314;1;1;3448,017406;;0;319
1315;1315;1;1;3448,017406;;0;319
1316;1316;1;1;3448,017406;;0;319
1317;1317;1;1;64,6012625;323,0063125;1;320
1318;1318;1;1;64,6012625;;0;320
1319;1319;1;1;64,6012625;;0;320
1320;1320;1;1;64,6012625;;0;320
1321;1321;1;1;64,6012625;;0;320
1322;1322;1;1;7689,444301;30757,7772;1;321
1323;1323;1;1;7689,444301;;0;321
1324;1324;1;1;7689,444301;;0;321
1325;1325;1;1;7689,444301;;0;321
1326;1326;1;1;787,0167674;1574,033535;1;322
1327;1327;1;1;787,0167674;;0;322
1328;1328;1;1;2061,984477;2061,984477;1;323
1329;1329;1;1;2040,290958;24483,4915;1;324
1330;1330;1;1;2040,290958;;0;324
1331;1331;1;1;2040,290958;;0;324
1332;1332;1;1;2040,290958;;0;324
1333;1333;1;1;2040,290958;;0;324
1334;1334;1;1;2040,290958;;0;324
1335;1335;1;1;2040,290958;;0;324
1336;1336;1;1;2040,290958;;0;324
1337;1337;1;1;2040,290958;;0;324
1338;1338;1;1;2040,290958;;0;324
1339;1339;1;1;2040,290958;;0;324
1340;1340;1;1;2040,290958;;0;324
1341;1341;1;1;0;0;0;324
1342;1342;1;1;0;;0;324
1343;1343;1;1;2388,29417;26271,23587;1;325
1344;1344;1;1;2388,29417;;0;325
1345;1345;1;1;2388,29417;;0;325
1346;1346;1;1;2388,29417;;0;325
1347;1347;1;1;2388,29417;;0;325
1348;1348;1;1;2388,29417;;0;325
1349;1349;1;1;2388,29417;;0;325
1350;1350;1;1;2388,29417;;0;325
1351;1351;1;1;2388,29417;;0;325
1352;1352;1;1;2388,29417;;0;325
1353;1353;1;1;2388,29417;;0;325
1354;1354;1;1;0;0;0;325
1355;1355;1;1;5749,909604;17249,72881;1;326
1356;1356;1;1;5749,909604;;0;326
1357;1357;1;1;5749,909604;;0;326
1358;1358;1;1;1981,425305;1981,425305;1;327
1359;1359;1;1;1616,983326;3233,966652;1;328
1360;1360;1;1;1616,983326;;0;328
1361;1361;1;1;685,350185;2056,050555;1;329
1362;1362;1;1;685,350185;;0;329
1363;1363;1;1;685,350185;;0;329
1364;1364;1;1;9649,567749;57897,40649;1;330
1365;1365;1;1;9649,567749;;0;330
1366;1366;1;1;9649,567749;;0;330
1367;1367;1;1;9649,567749;;0;330
1368;1368;1;1;9649,567749;;0;330
1369;1369;1;1;9649,567749;;0;330
1370;1370;1;1;27901,08474;55802,16948;1;331
1371;1371;1;1;27901,08474;;0;331
1372;1372;1;1;8627,268718;25881,80615;1;332
1373;1373;1;1;8627,268718;;0;332
1374;1374;1;1;8627,268718;;0;332
1375;1375;1;1;4808,677375;19234,7095;1;333
1376;1376;1;1;4808,677375;;0;333
1377;1377;1;1;4808,677375;;0;333
1378;1378;1;1;4808,677375;;0;333
1379;1379;1;1;7742,071119;30968,28448;1;334
1380;1380;1;1;7742,071119;;0;334
1381;1381;1;1;7742,071119;;0;334
1382;1382;1;1;7742,071119;;0;334
1383;1383;1;1;7829,774134;39148,87067;1;335
1384;1384;1;1;7829,774134;;0;335
1385;1385;1;1;7829,774134;;0;335
1386;1386;1;1;7829,774134;;0;335
1387;1387;1;1;7829,774134;;0;335
1388;1388;1;1;6589,900232;52719,20186;1;336
1389;1389;1;1;6589,900232;;0;336
1390;1390;1;1;6589,900232;;0;336
1391;1391;1;1;6589,900232;;0;336
1392;1392;1;1;6589,900232;;0;336
1393;1393;1;1;6589,900232;;0;336
1394;1394;1;1;6589,900232;;0;336
1395;1395;1;1;6589,900232;;0;336
1396;1396;1;1;25797,76406;25797,76406;1;337
1397;1397;1;1;8529,467727;127942,0159;1;338
1398;1398;1;1;8529,467727;;0;338
1399;1399;1;1;8529,467727;;0;338
1400;1400;1;1;8529,467727;;0;338
1401;1401;1;1;8529,467727;;0;338
1402;1402;1;1;8529,467727;;0;338
1403;1403;1;1;8529,467727;;0;338
1404;1404;1;1;8529,467727;;0;338
1405;1405;1;1;8529,467727;;0;338
1406;1406;1;1;8529,467727;;0;338
1407;1407;1;1;8529,467727;;0;338
1408;1408;1;1;8529,467727;;0;338
1409;1409;1;1;8529,467727;;0;338
1410;1410;1;1;8529,467727;;0;338
1411;1411;1;1;8529,467727;;0;338
1412;1412;1;1;4692,740483;23463,70242;1;339
1413;1413;1;1;4692,740483;;0;339
1414;1414;1;1;4692,740483;;0;339
1415;1415;1;1;4692,740483;;0;339
1416;1416;1;1;4692,740483;;0;339
1417;1417;1;1;0;0;0;339
1418;1418;1;1;4769,545935;28617,27561;1;340
1419;1419;1;1;4769,545935;;0;340
1420;1420;1;1;4769,545935;;0;340
1421;1421;1;1;4769,545935;;0;340
1422;1422;1;1;4769,545935;;0;340
1423;1423;1;1;4769,545935;;0;340
1424;1424;1;1;0;0;0;340
1425;1425;1;1;313,111842;626,223684;1;341
1426;1426;1;1;313,111842;;0;341
1427;1427;1;1;5144,062098;30864,37259;1;342
1428;1428;1;1;5144,062098;;0;342
1429;1429;1;1;5144,062098;;0;342
1430;1430;1;1;5144,062098;;0;342
1431;1431;1;1;5144,062098;;0;342
1432;1432;1;1;5144,062098;;0;342
1433;1433;1;1;2018,287989;2018,287989;1;343
1434;1434;1;1;13187,27288;13187,27288;1;344
1435;1435;1;1;314,5055625;943,5166875;1;345
1436;1436;1;1;314,5055625;;0;345
1437;1437;1;1;314,5055625;;0;345
1438;1438;1;1;3052,73104;18316,38624;1;346
1439;1439;1;1;3052,73104;;0;346
1440;1440;1;1;3052,73104;;0;346
1441;1441;1;1;3052,73104;;0;346
1442;1442;1;1;3052,73104;;0;346
1443;1443;1;1;3052,73104;;0;346
1444;1444;1;1;0;0;0;346
1445;1445;1;1;3282,564051;19695,38431;1;347
1446;1446;1;1;3282,564051;;0;347
1447;1447;1;1;3282,564051;;0;347
1448;1448;1;1;3282,564051;;0;347
1449;1449;1;1;3282,564051;;0;347
1450;1450;1;1;3282,564051;;0;347
1451;1451;1;1;2154,178596;2154,178596;1;348
1452;1452;1;1;2747,461641;27474,61641;1;349
1453;1453;1;1;2747,461641;;0;349
1454;1454;1;1;2747,461641;;0;349
1455;1455;1;1;2747,461641;;0;349
1456;1456;1;1;2747,461641;;0;349
1457;1457;1;1;2747,461641;;0;349
1458;1458;1;1;2747,461641;;0;349
1459;1459;1;1;2747,461641;;0;349
1460;1460;1;1;2747,461641;;0;349
1461;1461;1;1;2747,461641;;0;349
1462;1462;1;1;5321,798957;63861,58748;1;350
1463;1463;1;1;5321,798957;;0;350
1464;1464;1;1;5321,798957;;0;350
1465;1465;1;1;5321,798957;;0;350
1466;1466;1;1;5321,798957;;0;350
1467;1467;1;1;5321,798957;;0;350
1468;1468;1;1;5321,798957;;0;350
1469;1469;1;1;5321,798957;;0;350
1470;1470;1;1;5321,798957;;0;350
1471;1471;1;1;5321,798957;;0;350
1472;1472;1;1;5321,798957;;0;350
1473;1473;1;1;5321,798957;;0;350
1474;1474;1;1;11235,1843;33705,5529;1;351
1475;1475;1;1;11235,1843;;0;351
1476;1476;1;1;11235,1843;;0;351
1477;1477;1;1;2223,659646;11118,29823;1;352
1478;1478;1;1;2223,659646;;0;352
1479;1479;1;1;2223,659646;;0;352
1480;1480;1;1;2223,659646;;0;352
1481;1481;1;1;2223,659646;;0;352
1482;1482;1;1;4741,592676;33191,14873;1;353
1483;1483;1;1;4741,592676;;0;353
1484;1484;1;1;4741,592676;;0;353
1485;1485;1;1;4741,592676;;0;353
1486;1486;1;1;4741,592676;;0;353
1487;1487;1;1;4741,592676;;0;353
1488;1488;1;1;4741,592676;;0;353
1489;1489;1;1;4088,765771;49065,18925;1;354
1490;1490;1;1;4088,765771;;0;354
1491;1491;1;1;4088,765771;;0;354
1492;1492;1;1;4088,765771;;0;354
1493;1493;1;1;4088,765771;;0;354
1494;1494;1;1;4088,765771;;0;354
1495;1495;1;1;4088,765771;;0;354
1496;1496;1;1;4088,765771;;0;354
1497;1497;1;1;4088,765771;;0;354
1498;1498;1;1;4088,765771;;0;354
1499;1499;1;1;4088,765771;;0;354
1500;1500;1;1;4088,765771;;0;354
1501;1501;1;1;8461,39115;8461,39115;1;355
1502;1502;1;1;4123,79239;8247,58478;1;356
1503;1503;1;1;4123,79239;;0;356
1504;1504;1;1;7468,732774;52281,12942;1;357
1505;1505;1;1;7468,732774;;0;357
1506;1506;1;1;7468,732774;;0;357
1507;1507;1;1;7468,732774;;0;357
1508;1508;1;1;7468,732774;;0;357
1509;1509;1;1;7468,732774;;0;357
1510;1510;1;1;7468,732774;;0;357
1511;1511;1;1;4746,334212;18985,33685;1;358
1512;1512;1;1;4746,334212;;0;358
1513;1513;1;1;4746,334212;;0;358
1514;1514;1;1;4746,334212;;0;358
1515;1515;1;1;3707,773183;18538,86592;1;359
1516;1516;1;1;3707,773183;;0;359
1517;1517;1;1;3707,773183;;0;359
1518;1518;1;1;3707,773183;;0;359
1519;1519;1;1;3707,773183;;0;359
1520;1520;1;1;4619,744653;32338,21257;1;360
1521;1521;1;1;4619,744653;;0;360
1522;1522;1;1;4619,744653;;0;360
1523;1523;1;1;4619,744653;;0;360
1524;1524;1;1;4619,744653;;0;360
1525;1525;1;1;4619,744653;;0;360
1526;1526;1;1;4619,744653;;0;360
1527;1527;1;1;2446,208497;9784,833988;1;361
1528;1528;1;1;2446,208497;;0;361
1529;1529;1;1;2446,208497;;0;361
1530;1530;1;1;2446,208497;;0;361
1531;1531;1;1;1813,421393;1813,421393;1;362
1532;1532;1;1;2869,799271;5739,598542;1;363
1533;1533;1;1;2869,799271;;0;363
1534;1534;1;1;1662,029644;3324,059288;1;364
1535;1535;1;1;1662,029644;;0;364
1536;1536;1;1;3271,986636;13087,94654;1;365
1537;1537;1;1;3271,986636;;0;365
1538;1538;1;1;3271,986636;;0;365
1539;1539;1;1;3271,986636;;0;365
1540;1540;1;1;6534,685912;6534,685912;1;366
1541;1541;1;1;2917,711542;8753,134626;1;367
1542;1542;1;1;2917,711542;;0;367
1543;1543;1;1;2917,711542;;0;367
1544;1544;1;1;2239,966755;6719,900265;1;368
1545;1545;1;1;2239,966755;;0;368
1546;1546;1;1;2239,966755;;0;368
1547;1547;1;1;2816,994808;8450,984424;1;369
1548;1548;1;1;2816,994808;;0;369
1549;1549;1;1;2816,994808;;0;369
1550;1550;1;1;10221,67885;30665,03655;1;370
1551;1551;1;1;10221,67885;;0;370
1552;1552;1;1;10221,67885;;0;370
1553;1553;1;1;10736,69294;42946,77176;1;371
1554;1554;1;1;10736,69294;;0;371
1555;1555;1;1;10736,69294;;0;371
1556;1556;1;1;10736,69294;;0;371
1557;1557;1;1;6202,049113;6202,049113;1;372
1558;1558;1;1;6115,842748;24463,37099;1;373
1559;1559;1;1;6115,842748;;0;373
1560;1560;1;1;6115,842748;;0;373
1561;1561;1;1;6115,842748;;0;373
1562;1562;1;1;10458,77523;94128,97707;1;374
1563;1563;1;1;10458,77523;;0;374
1564;1564;1;1;10458,77523;;0;374
1565;1565;1;1;10458,77523;;0;374
1566;1566;1;1;10458,77523;;0;374
1567;1567;1;1;10458,77523;;0;374
1568;1568;1;1;10458,77523;;0;374
1569;1569;1;1;10458,77523;;0;374
1570;1570;1;1;10458,77523;;0;374
1571;1571;1;1;8702,931272;26108,79382;1;375
1572;1572;1;1;8702,931272;;0;375
1573;1573;1;1;8702,931272;;0;375
1574;1574;1;1;3437,437384;13749,74954;1;376
1575;1575;1;1;3437,437384;;0;376
1576;1576;1;1;3437,437384;;0;376
1577;1577;1;1;3437,437384;;0;376
1578;1578;1;1;4594,922138;18379,68855;1;377
1579;1579;1;1;4594,922138;;0;377
1580;1580;1;1;4594,922138;;0;377
1581;1581;1;1;4594,922138;;0;377
1582;1582;1;1;5244,910836;15734,73251;1;378
1583;1583;1;1;5244,910836;;0;378
1584;1584;1;1;5244,910836;;0;378
1585;1585;1;1;3239,56368;25916,50944;1;379
1586;1586;1;1;3239,56368;;0;379
1587;1587;1;1;3239,56368;;0;379
1588;1588;1;1;3239,56368;;0;379
1589;1589;1;1;3239,56368;;0;379
1590;1590;1;1;3239,56368;;0;379
1591;1591;1;1;3239,56368;;0;379
1592;1592;1;1;3239,56368;;0;379
1593;1593;1;1;5561,400251;50052,60226;1;380
1594;1594;1;1;5561,400251;;0;380
1595;1595;1;1;5561,400251;;0;380
1596;1596;1;1;5561,400251;;0;380
1597;1597;1;1;5561,400251;;0;380
1598;1598;1;1;5561,400251;;0;380
1599;1599;1;1;5561,400251;;0;380
1600;1600;1;1;5561,400251;;0;380
1601;1601;1;1;5561,400251;;0;380
1602;1602;1;1;4789,102375;19156,4095;1;381
1603;1603;1;1;4789,102375;;0;381
1604;1604;1;1;4789,102375;;0;381
1605;1605;1;1;4789,102375;;0;381
1606;1606;1;1;2214,494004;2214,494004;1;382
1607;1607;1;1;3695,161147;29561,28918;1;383
1608;1608;1;1;3695,161147;;0;383
1609;1609;1;1;3695,161147;;0;383
1610;1610;1;1;3695,161147;;0;383
1611;1611;1;1;3695,161147;;0;383
1612;1612;1;1;3695,161147;;0;383
1613;1613;1;1;3695,161147;;0;383
1614;1614;1;1;3695,161147;;0;383
1615;1615;1;1;3320,715336;39848,58403;1;384
1616;1616;1;1;3320,715336;;0;384
1617;1617;1;1;3320,715336;;0;384
1618;1618;1;1;3320,715336;;0;384
1619;1619;1;1;3320,715336;;0;384
1620;1620;1;1;3320,715336;;0;384
1621;1621;1;1;3320,715336;;0;384
1622;1622;1;1;3320,715336;;0;384
1623;1623;1;1;3320,715336;;0;384
1624;1624;1;1;3320,715336;;0;384
1625;1625;1;1;3320,715336;;0;384
1626;1626;1;1;3320,715336;;0;384
1627;1627;1;1;5468,418205;32810,50923;1;385
1628;1628;1;1;5468,418205;;0;385
1629;1629;1;1;5468,418205;;0;385
1630;1630;1;1;5468,418205;;0;385
1631;1631;1;1;5468,418205;;0;385
1632;1632;1;1;5468,418205;;0;385
1633;1633;1;1;3010,923665;3010,923665;1;386
1634;1634;1;1;3106,891776;27962,02598;1;387
1635;1635;1;1;3106,891776;;0;387
1636;1636;1;1;3106,891776;;0;387
1637;1637;1;1;3106,891776;;0;387
1638;1638;1;1;3106,891776;;0;387
1639;1639;1;1;3106,891776;;0;387
1640;1640;1;1;3106,891776;;0;387
1641;1641;1;1;3106,891776;;0;387
1642;1642;1;1;3106,891776;;0;387
1643;1643;1;1;2721,953493;5443,906986;1;388
1644;1644;1;1;2721,953493;;0;388
1645;1645;1;1;1480,311598;2960,623196;1;389
1646;1646;1;1;1480,311598;;0;389
1647;1647;1;1;636,0946822;1272,189364;1;390
1648;1648;1;1;636,0946822;;0;390
1649;1649;1;1;1994,899124;5984,697372;1;391
1650;1650;1;1;1994,899124;;0;391
1651;1651;1;1;1994,899124;;0;391
1652;1652;1;1;9536,582571;57219,49543;1;392
1653;1653;1;1;9536,582571;;0;392
1654;1654;1;1;9536,582571;;0;392
1655;1655;1;1;9536,582571;;0;392
1656;1656;1;1;9536,582571;;0;392
1657;1657;1;1;9536,582571;;0;392
1658;1658;1;1;21383,86764;85535,47056;1;393
1659;1659;1;1;21383,86764;;0;393
1660;1660;1;1;21383,86764;;0;393
1661;1661;1;1;21383,86764;;0;393
1662;1662;1;1;16283,63995;130269,1196;1;394
1663;1663;1;1;16283,63995;;0;394
1664;1664;1;1;16283,63995;;0;394
1665;1665;1;1;16283,63995;;0;394
1666;1666;1;1;16283,63995;;0;394
1667;1667;1;1;16283,63995;;0;394
1668;1668;1;1;16283,63995;;0;394
1669;1669;1;1;16283,63995;;0;394
1670;1670;1;1;7569,46824;60555,74592;1;395
1671;1671;1;1;7569,46824;;0;395
1672;1672;1;1;7569,46824;;0;395
1673;1673;1;1;7569,46824;;0;395
1674;1674;1;1;7569,46824;;0;395
1675;1675;1;1;7569,46824;;0;395
1676;1676;1;1;7569,46824;;0;395
1677;1677;1;1;7569,46824;;0;395
1678;1678;1;1;5672,600891;11345,20178;1;396
1679;1679;1;1;5672,600891;;0;396
1680;1680;1;1;1631,394053;4894,182159;1;397
1681;1681;1;1;1631,394053;;0;397
1682;1682;1;1;1631,394053;;0;397
1683;1683;1;1;3408,647502;30677,82752;1;398
1684;1684;1;1;3408,647502;;0;398
1685;1685;1;1;3408,647502;;0;398
1686;1686;1;1;3408,647502;;0;398
1687;1687;1;1;3408,647502;;0;398
1688;1688;1;1;3408,647502;;0;398
1689;1689;1;1;3408,647502;;0;398
1690;1690;1;1;3408,647502;;0;398
1691;1691;1;1;3408,647502;;0;398
1692;1692;1;1;7580,926166;68228,33549;1;399
1693;1693;1;1;7580,926166;;0;399
1694;1694;1;1;7580,926166;;0;399
1695;1695;1;1;7580,926166;;0;399
1696;1696;1;1;7580,926166;;0;399
1697;1697;1;1;7580,926166;;0;399
1698;1698;1;1;7580,926166;;0;399
1699;1699;1;1;7580,926166;;0;399
1700;1700;1;1;7580,926166;;0;399
1701;1701;1;1;8419,830702;75778,47632;1;400
1702;1702;1;1;8419,830702;;0;400
1703;1703;1;1;8419,830702;;0;400
1704;1704;1;1;8419,830702;;0;400
1705;1705;1;1;8419,830702;;0;400
1706;1706;1;1;8419,830702;;0;400
1707;1707;1;1;8419,830702;;0;400
1708;1708;1;1;8419,830702;;0;400
1709;1709;1;1;8419,830702;;0;400
1710;1710;1;1;5565,829385;16697,48816;1;401
1711;1711;1;1;5565,829385;;0;401
1712;1712;1;1;5565,829385;;0;401
1713;1713;1;1;11718,85967;35156,57901;1;402
1714;1714;1;1;11718,85967;;0;402
1715;1715;1;1;11718,85967;;0;402
1716;1716;1;1;9920,735348;49603,67674;1;403
1717;1717;1;1;9920,735348;;0;403
1718;1718;1;1;9920,735348;;0;403
1719;1719;1;1;9920,735348;;0;403
1720;1720;1;1;9920,735348;;0;403
1721;1721;1;1;7863,330537;31453,32215;1;404
1722;1722;1;1;7863,330537;;0;404
1723;1723;1;1;7863,330537;;0;404
1724;1724;1;1;7863,330537;;0;404
1725;1725;1;1;6178,543459;24714,17384;1;405
1726;1726;1;1;6178,543459;;0;405
1727;1727;1;1;6178,543459;;0;405
1728;1728;1;1;6178,543459;;0;405
1729;1729;1;1;2117,037555;4234,07511;1;406
1730;1730;1;1;2117,037555;;0;406
1731;1731;1;1;6036,701354;30183,50677;1;407
1732;1732;1;1;6036,701354;;0;407
1733;1733;1;1;6036,701354;;0;407
1734;1734;1;1;6036,701354;;0;407
1735;1735;1;1;6036,701354;;0;407
1736;1736;1;1;646,4276786;646,4276786;1;408
1737;1737;1;1;2453,435089;2453,435089;1;409
1738;1738;1;1;1242,251492;4969,005968;1;410
1739;1739;1;1;1242,251492;;0;410
1740;1740;1;1;1242,251492;;0;410
1741;1741;1;1;1242,251492;;0;410
1742;1742;1;1;5541,42591;16624,27773;1;411
1743;1743;1;1;5541,42591;;0;411
1744;1744;1;1;5541,42591;;0;411
1745;1745;1;1;4337,684121;4337,684121;1;412
1746;1746;1;1;243,0508854;243,0508854;1;413
1747;1747;1;1;2730,293726;10921,1749;1;414
1748;1748;1;1;2730,293726;;0;414
1749;1749;1;1;2730,293726;;0;414
1750;1750;1;1;2730,293726;;0;414
1751;1751;1;1;5612,399595;44899,19676;1;415
1752;1752;1;1;5612,399595;;0;415
1753;1753;1;1;5612,399595;;0;415
1754;1754;1;1;5612,399595;;0;415
1755;1755;1;1;5612,399595;;0;415
1756;1756;1;1;5612,399595;;0;415
1757;1757;1;1;5612,399595;;0;415
1758;1758;1;1;5612,399595;;0;415
1759;1759;1;1;8621,130117;8621,130117;1;416
1760;1760;1;1;7898,32015;7898,32015;1;417
1761;1761;1;1;8621,130117;17242,26023;1;418
1762;1762;1;1;8621,130117;;0;418
1763;1763;1;1;19002,6153;76010,4612;1;419
1764;1764;1;1;19002,6153;;0;419
1765;1765;1;1;19002,6153;;0;419
1766;1766;1;1;19002,6153;;0;419
1767;1767;1;1;1565,921027;3131,842054;1;420
1768;1768;1;1;1565,921027;;0;420
1769;1769;1;1;7193,528345;7193,528345;1;421
1770;1770;1;1;2341,676617;7025,029851;1;422
1771;1771;1;1;2341,676617;;0;422
1772;1772;1;1;2341,676617;;0;422
1773;1773;1;1;3655,584107;10966,75232;1;423
1774;1774;1;1;3655,584107;;0;423
1775;1775;1;1;3655,584107;;0;423
1776;1776;1;1;6489,474288;6489,474288;1;424
1777;1777;1;1;4314,074535;56082,96896;1;425
1778;1778;1;1;4314,074535;;0;425
1779;1779;1;1;4314,074535;;0;425
1780;1780;1;1;4314,074535;;0;425
1781;1781;1;1;4314,074535;;0;425
1782;1782;1;1;4314,074535;;0;425
1783;1783;1;1;4314,074535;;0;425
1784;1784;1;1;4314,074535;;0;425
1785;1785;1;1;4314,074535;;0;425
1786;1786;1;1;4314,074535;;0;425
1787;1787;1;1;4314,074535;;0;425
1788;1788;1;1;4314,074535;;0;425
1789;1789;1;1;4314,074535;;0;425
1790;1790;1;1;5424,052191;10848,10438;1;426
1791;1791;1;1;5424,052191;;0;426
1792;1792;1;1;3261,813617;6523,627234;1;427
1793;1793;1;1;3261,813617;;0;427
1794;1794;1;1;5161,523241;5161,523241;1;428
1795;1795;1;1;7839,843538;31359,37415;1;429
1796;1796;1;1;7839,843538;;0;429
1797;1797;1;1;7839,843538;;0;429
1798;1798;1;1;7839,843538;;0;429
1799;1799;1;1;7334,512403;14669,02481;1;430
1800;1800;1;1;7334,512403;;0;430
1801;1801;1;1;3522,422518;14089,69007;1;431
1802;1802;1;1;3522,422518;;0;431
1803;1803;1;1;3522,422518;;0;431
1804;1804;1;1;3522,422518;;0;431
1805;1805;1;1;10209,22011;40836,88044;1;432
1806;1806;1;1;10209,22011;;0;432
1807;1807;1;1;10209,22011;;0;432
1808;1808;1;1;10209,22011;;0;432
1809;1809;1;1;4821,336528;4821,336528;1;433
1810;1810;1;1;5280,781784;21123,12714;1;434
1811;1811;1;1;5280,781784;;0;434
1812;1812;1;1;5280,781784;;0;434
1813;1813;1;1;5280,781784;;0;434
1814;1814;1;1;3864,469785;19322,34893;1;435
1815;1815;1;1;3864,469785;;0;435
1816;1816;1;1;3864,469785;;0;435
1817;1817;1;1;3864,469785;;0;435
1818;1818;1;1;3864,469785;;0;435
1819;1819;1;1;2306,332986;6918,998958;1;436
1820;1820;1;1;2306,332986;;0;436
1821;1821;1;1;2306,332986;;0;436
1822;1822;1;1;3232,526282;16162,63141;1;437
1823;1823;1;1;3232,526282;;0;437
1824;1824;1;1;3232,526282;;0;437
1825;1825;1;1;3232,526282;;0;437
1826;1826;1;1;3232,526282;;0;437
1827;1827;1;1;7898,32015;15796,6403;1;438
1828;1828;1;1;7898,32015;;0;438
1829;1829;1;1;6232,422933;24929,69173;1;439
1830;1830;1;1;6232,422933;;0;439
1831;1831;1;1;6232,422933;;0;439
1832;1832;1;1;6232,422933;;0;439
1833;1833;1;1;13290,74051;13290,74051;1;440
1834;1834;1;1;4101,64559;12304,93677;1;441
1835;1835;1;1;4101,64559;;0;441
1836;1836;1;1;4101,64559;;0;441
1837;1837;1;1;3882,15962;23292,95772;1;442
1838;1838;1;1;3882,15962;;0;442
1839;1839;1;1;3882,15962;;0;442
1840;1840;1;1;3882,15962;;0;442
1841;1841;1;1;3882,15962;;0;442
1842;1842;1;1;3882,15962;;0;442
1843;1843;1;1;591,8392917;1183,678583;1;443
1844;1844;1;1;591,8392917;;0;443
1845;1845;1;1;11642,66659;46570,66636;1;444
1846;1846;1;1;11642,66659;;0;444
1847;1847;1;1;11642,66659;;0;444
1848;1848;1;1;11642,66659;;0;444
1849;1849;1;1;5646,084367;33876,5062;1;445
1850;1850;1;1;5646,084367;;0;445
1851;1851;1;1;5646,084367;;0;445
1852;1852;1;1;5646,084367;;0;445
1853;1853;1;1;5646,084367;;0;445
1854;1854;1;1;5646,084367;;0;445
1855;1855;1;1;0;0;0;445
1856;1856;1;1;0;;0;445
1857;1857;1;1;5397,912322;10795,82464;1;446
1858;1858;1;1;5397,912322;;0;446
1859;1859;1;1;5368,00162;16104,00486;1;447
1860;1860;1;1;5368,00162;;0;447
1861;1861;1;1;5368,00162;;0;447
1862;1862;1;1;91,45163581;91,45163581;1;448
1863;1863;1;1;1675,753027;31839,30751;1;449
1864;1864;1;1;1675,753027;;0;449
1865;1865;1;1;1675,753027;;0;449
1866;1866;1;1;1675,753027;;0;449
1867;1867;1;1;1675,753027;;0;449
1868;1868;1;1;1675,753027;;0;449
1869;1869;1;1;1675,753027;;0;449
1870;1870;1;1;1675,753027;;0;449
1871;1871;1;1;1675,753027;;0;449
1872;1872;1;1;1675,753027;;0;449
1873;1873;1;1;1675,753027;;0;449
1874;1874;1;1;1675,753027;;0;449
1875;1875;1;1;1675,753027;;0;449
1876;1876;1;1;1675,753027;;0;449
1877;1877;1;1;1675,753027;;0;449
1878;1878;1;1;1675,753027;;0;449
1879;1879;1;1;1675,753027;;0;449
1880;1880;1;1;1675,753027;;0;449
1881;1881;1;1;1675,753027;;0;449
1882;1882;1;1;6472,589428;51780,71542;1;450
1883;1883;1;1;6472,589428;;0;450
1884;1884;1;1;6472,589428;;0;450
1885;1885;1;1;6472,589428;;0;450
1886;1886;1;1;6472,589428;;0;450
1887;1887;1;1;6472,589428;;0;450
1888;1888;1;1;6472,589428;;0;450
1889;1889;1;1;6472,589428;;0;450
1890;1890;1;1;1120,615543;4482,462172;1;451
1891;1891;1;1;1120,615543;;0;451
1892;1892;1;1;1120,615543;;0;451
1893;1893;1;1;1120,615543;;0;451
1894;1894;1;1;3363,770477;3363,770477;1;452
1895;1895;1;1;4808,677375;4808,677375;1;453
